"DESCRIPTION","DURATION IN MS","NAME","PARENT SUITE","START TIME","STATUS","STOP TIME","SUB SUITE","SUITE","TEST CLASS","TEST METHOD"
"","10670","Test with test data from fixtures","chrome","2026-09-04","passed","2026-09-04","","ClientAppPageObjectImplement.spec.js","",""
"","15538","Test with test data from fixtures","webkit","2026-09-04","passed","2026-09-04","","ClientAppPageObjectImplement.spec.js","",""
"","14865","Test with ZARA COAT 3","webkit","2026-09-04","passed","2026-09-04","","ClientAppPageObjectImplement.spec.js","",""
"","11252","Test with ZARA COAT 3","chrome","2026-09-04","passed","2026-09-04","","ClientAppPageObjectImplement.spec.js","",""
"","14243","Test with ADIDAS ORIGINAL","firefox","2026-09-04","passed","2026-09-04","","ClientAppPageObjectImplement.spec.js","",""
"","16000","Test with ZARA COAT 3","firefox","2026-09-04","passed","2026-09-04","","ClientAppPageObjectImplement.spec.js","",""
"","11028","Test with ADIDAS ORIGINAL","chrome","2026-09-04","passed","2026-09-04","","ClientAppPageObjectImplement.spec.js","",""
"","11261","Test with test data from fixtures","firefox","2026-09-04","passed","2026-09-04","","ClientAppPageObjectImplement.spec.js","",""
"","12153","Test with ADIDAS ORIGINAL","webkit","2026-09-04","passed","2026-09-04","","ClientAppPageObjectImplement.spec.js","",""
